order_id,customer_name,region,product,quantity,unit_price,order_date
d1f40f33-cc60-4391-8015-16520095afeb,Tony Olson,East,Monitor,7,153.54,2023-12-15
bd2f806e-2d8b-4a17-97e2-913021dd61aa,Elizabeth Ryan,East,Smartphone,6,719.79,2024-07-04
a776d6d1-1232-4097-af91-e5872a96a885,Jessica Santos,South,Monitor,8,991.87,2024-02-20
f77671bd-081a-4a71-a445-ac8bdf9f4132,Kimberly Simmons,West,Laptop,8,448.13,2024-02-22
78f7cd53-7aa5-407e-9214-3d7a0f6027d7,Todd King,South,Smartphone,1,829.42,2024-03-16
822b44a5-1559-4f8b-9199-11fab4cb683b,Melissa Jones,North,Tablet,2,600.69,2023-09-17
02cdeeec-d85f-45c9-8669-2ac3abbc1a59,Stephanie Marshall,South,Keyboard,4,213.91,2024-11-02
745b092a-9acb-4ae8-87e9-51dd5bf9bc14,Brittany Krueger,East,Tablet,10,475.59,2024-04-13
d3a639cb-dfc9-4920-8348-1ae53dce0a19,John Rice,North,Tablet,5,674.07,2023-07-22
22e3767f-39cb-4780-87c4-c894c0f3ad57,Theresa Benson,North,Monitor,4,363.84,2025-01-24
83d385b1-cff7-408e-b472-c26c9f87fbf8,Brittany Lane,East,Laptop,7,787.96,2024-10-19
639460aa-b3ca-472b-845a-ecbdefce9cad,David Rivers,North,Tablet,2,829.5,2024-01-14
2cf1b55c-2c7b-4300-a4c9-b061a2c832e8,Katherine Dickerson,North,Keyboard,7,710.27,2024-08-15
adb1ad73-aa44-45c6-8adc-007c306a2758,Angela Day,West,Smartphone,3,236.51,2023-08-10
05a00d34-8a66-4249-93a0-abfdb9dbbfa7,Stephanie Curry,North,Keyboard,5,398.29,2025-03-02
239ce102-89fc-4d64-87ce-45ffc8ff2e1e,Jordan Stafford,South,Monitor,3,727.62,2023-09-17
712b09f2-05a6-4e4b-8d51-5a9c52570af2,Daniel Padilla,East,Laptop,10,396.53,2024-02-07
91847b64-0a11-4aec-962f-e929278f3966,Victor Olson,South,Monitor,10,943.23,2024-07-07
6c92bfec-8713-4d83-85cc-0113f6525839,Tammy Carter,West,Smartphone,10,610.82,2024-11-23
3fd054cb-044d-4d7a-9b2d-93902692f9ae,Colleen Hicks,East,Keyboard,7,609.21,2024-05-20
18e7d82e-93d6-4f9d-8605-23a48603741d,Wayne Peters,West,Keyboard,2,102.07,2023-09-22
e21d3336-391d-4737-9e1b-b1defed7a888,Allen Elliott,North,Keyboard,9,512.95,2023-06-27
ebea4f63-496d-40ef-ba4a-b178a930d301,James Gardner,East,Monitor,10,375.84,2023-11-09
94d0deb4-c0a5-4f7d-a611-85bef401679b,Yolanda Rice,East,Smartphone,5,733.4,2024-10-18
4b60250b-30ec-410d-9208-7f0020cd6d59,Rhonda Rivas,South,Monitor,5,640.86,2024-01-24
2c3f19e3-5155-468f-900a-f31cf7f6ddcd,Jimmy Wang,North,Tablet,2,622.55,2023-12-28
490d3102-f52e-4bca-a113-c5facb017423,Billy Johnson,South,Laptop,2,972.44,2023-10-03
9cac1fe9-44c7-4eb2-9466-f04ef1f80ea2,Krista Hayden,East,Monitor,6,836.96,2023-08-26
790fd2bf-d2d1-4d92-b3f0-e17e3acc9ad3,Morgan Wagner,South,Laptop,4,442.75,2024-01-04
c99ccfe2-2dab-425b-97ba-c858bdf58ab2,Jessica Harris,East,Keyboard,5,231.41,2025-05-04
c513f1fb-3536-4665-b353-399316e21031,Laura Cross,South,Smartphone,4,712.19,2023-09-04
c47ed223-d95f-46cf-b333-5ceb9f7f7702,Ronald Hill,West,Monitor,2,266.84,2024-01-09
5d52160c-7d54-4680-9277-53eb9a81960e,Melinda Krueger,West,Tablet,9,588.79,2025-04-25
5acf028a-d338-4c5e-9013-c14da196dc66,Katherine Cruz,West,Tablet,1,754.89,2023-06-14
657b6b0a-cf0c-45c1-bae4-3d44a8ac2427,Donald Howard,North,Tablet,9,697.39,2025-03-22
7a4c3669-49f0-4d7d-805a-9bfbe229a1eb,Cameron Salinas,North,Laptop,6,137.15,2023-06-16
e3b9cf23-754a-457b-89e6-33f17d25d42b,Kevin Gomez,North,Tablet,9,594.63,2023-05-23
504c5533-72d9-4d19-99f6-14bf55d98bb9,Christina Ford,East,Tablet,6,600.89,2025-03-18
a14de2c8-cc35-4a8f-a825-95a6a06b581c,Jonathan Patterson,South,Laptop,4,559.88,2025-04-14
51fe1e08-55a7-43c8-b6c6-81be24839949,Kevin Garner,East,Laptop,3,711.35,2023-08-10
9a915bb5-3b66-4157-b6a1-ed2e8bf93436,Amber Taylor,South,Smartphone,2,896.01,2023-12-07
02c5c266-1724-4711-bc24-ca63914217c7,Patrick Hicks,South,Keyboard,6,463.78,2024-03-13
a92d8a0f-d3eb-4c33-9d73-0c4e3edb9158,Keith Padilla,South,Smartphone,10,624.12,2024-04-11
a59916f9-de8f-4fe5-8e86-c63dc3e0565c,Seth Castillo,North,Tablet,2,574.12,2025-04-25
98024040-9edd-4766-a154-35d9112c8814,Edward Davis,East,Tablet,7,556.1,2024-07-11
be2d78d5-3944-4922-999a-22d0ab3c7e36,Tyler Stevens,West,Laptop,2,619.86,2024-06-19
7133abfc-c7a4-4aa5-b276-bb342aecd7fa,Benjamin Deleon,East,Tablet,8,784.32,2024-10-07
83f388e1-70bd-41d5-958c-95b41b87b5f2,Sean James,South,Smartphone,7,875.5,2023-06-17
46880131-00ba-4e5c-a58c-4d6e29cd481c,Brian Gillespie,West,Monitor,4,414.31,2025-03-27
702e3c7b-6565-49c6-b8c3-507cc81687ce,David Palmer,North,Smartphone,5,265.22,2024-12-14
2bbee08e-374f-4f12-a530-db0172745532,Dawn Harris,South,Keyboard,2,902.42,2024-02-20
03321c00-4cd9-4a54-ac1c-90350b601772,Kristin Crawford,South,Smartphone,6,153.23,2024-11-21
29d22027-5124-4e9a-8fde-2f61ace9af35,Stephen Roberts,South,Tablet,6,273.34,2024-04-07
6a270840-a7b5-4779-8daf-106fe3e9c3eb,Renee Flores,West,Smartphone,3,187.18,2024-04-14
91aa9652-69f9-488e-84fa-b634911a3174,Brian Mccoy,West,Keyboard,1,397.1,2024-07-10
99ea2dd4-6540-425f-984e-fcd12beea06c,Cynthia Brown,South,Smartphone,5,660.57,2024-11-07
c3468c35-ec5c-4efa-ae99-36c801665ed8,Elizabeth Wells,East,Smartphone,10,922.69,2025-05-06
a466908a-a374-4eb0-b95e-2785540fcc04,Michael Diaz,West,Monitor,6,441.68,2024-11-29
dcaaa511-ec21-4114-a5ae-a3440dd790af,Keith Hughes,East,Laptop,7,733.09,2025-02-26
d7e99c0b-e9d5-4ee5-abf7-f127a085d6f4,Zachary Brown,South,Smartphone,10,171.93,2025-02-23
5baeeea3-0f77-467e-8c4a-d1a1b773cab0,William Sanchez,West,Monitor,4,111.69,2023-06-08
cfcb23da-fa13-4bdb-be7f-687fc68af672,Cheryl Mitchell,West,Smartphone,2,519.09,2024-03-02
14db175b-c0e8-47af-8c2c-007644760bad,Antonio Moore,East,Smartphone,3,527.56,2025-03-31
380ccbcc-985f-4fe0-a346-f080d52ef6a7,Christina Jensen,East,Smartphone,2,698.1,2024-06-09
5827de03-6b01-4ffc-bd15-08e85c48b99a,Seth Petty,East,Smartphone,7,420.75,2025-05-05
8bc8b363-dadb-45ec-8723-cfcd4598f3a3,Jessica Chavez,North,Tablet,2,493.58,2023-12-28
34f34dbe-16fa-4dae-b146-fcf494989e9b,Jimmy Moreno,West,Tablet,10,416.21,2024-09-29
5f145939-2462-4a74-8636-e76531c9cab1,Gail Baker,South,Monitor,9,927.43,2024-09-18
93526464-b35a-451c-b3b8-3cec9b9e913d,Stephanie Frazier,North,Smartphone,7,899.05,2025-01-31
35f3e0e8-fc84-4d99-9cf9-75670ef589f7,Stephen Brown,West,Laptop,7,804.2,2023-08-16
a7fa4806-0c76-4041-ac60-91c6c34d4bd1,Stephanie Whitehead,East,Monitor,5,699.82,2024-02-21
bad2f777-f3db-462c-ac2c-6c09f6b696a8,Laura Gibbs,South,Keyboard,7,622.99,2024-05-26
9ea47185-785c-434b-9e9e-7a0e0a684d99,Mrs. Amber Reynolds MD,West,Laptop,10,519.71,2024-06-11
2729018f-ee37-460d-b046-1eb906dcf6ad,Madison Dunn,East,Keyboard,5,642.42,2024-08-08
198d36ee-ab68-4b8d-a680-1a1b139b2eb6,Kayla Dawson,South,Keyboard,3,845.89,2023-11-23
c26ede0a-39f5-4cd6-be52-51d1b42b22b1,Brittany Lambert,North,Monitor,8,703.16,2023-12-25
1b79c2ff-4913-4191-b9e2-1a5715116b29,Gloria Huang,North,Keyboard,7,249.03,2023-12-04
c3f68a62-689a-458e-b602-ec565f5e6667,Lisa Rogers,East,Keyboard,10,372.92,2024-04-29
38cffb86-31e9-4ce9-8334-0c343d237e4d,John Little,North,Tablet,5,743.63,2023-11-24
ccde62e1-f12a-4a75-b47c-bd4851044802,Jill Meyers,North,Smartphone,3,450.04,2025-02-21
cdebc726-15c1-4bf4-ba81-f66ce4fd3504,Kara Maxwell,West,Laptop,2,491.85,2024-01-25
71cfe5a0-f0ad-4d31-98da-f56162b8573a,Amy Thompson,North,Keyboard,6,440.57,2023-12-29
cf81a4a5-064e-4624-8194-e914be47e4a0,Tammy Simmons,South,Tablet,7,237.76,2024-09-29
e78ea193-8eaf-4135-a961-88f1309243bd,Jesse Coffey,East,Keyboard,5,363.46,2024-11-09
9fbfa559-b18d-45ed-a2dd-2da97d7a856a,Andrew Ibarra,East,Monitor,3,982.68,2023-08-06
7a7db9d8-099e-4b4c-a400-c40734660dce,Justin Lopez,East,Smartphone,4,963.78,2023-10-15
c08d65e1-867b-485a-b66c-7231b1314256,Kathryn Rodriguez,North,Laptop,10,963.71,2024-10-16
fd1ea238-472f-4cb3-9c83-e772082e5063,Darren Beard,South,Monitor,1,812.52,2024-02-12
077e1f97-4149-47c5-a35d-9a04d2d8a86f,Amanda Santiago,South,Tablet,2,661.39,2025-03-10
9ee3597f-37c1-4f95-aa58-3cc411b1fd32,Alison Kemp,West,Smartphone,6,381.29,2025-01-02
4a96bba0-c5a4-45e4-9277-fa43fdd0bfb3,Beverly Patel,West,Tablet,4,315.49,2024-03-29
69fb322b-8753-4334-900a-9c3dc4124de4,Amy Lee,South,Monitor,4,220.93,2023-12-28
efc60799-2bbb-48b6-af2d-07eb12380092,Melinda Thompson,North,Monitor,4,202.96,2023-09-20
3ffbe165-beaa-4bbb-b030-fc0854561fe1,Jessica Sparks,North,Laptop,4,277.29,2023-11-20
8aa3ed6f-1015-4217-b723-20a3252d112f,Jason Stewart,South,Keyboard,2,387.6,2023-07-05
c3535369-d79e-422b-a219-3da30ae758c8,Nicole Smith,West,Keyboard,4,836.75,2023-09-04
0ec1b9aa-4b28-4cdf-ab5c-05695773255c,Michael Mckay DDS,North,Smartphone,10,943.28,2024-03-19
60d28a9c-1eaf-4a51-9fd5-47d4f01c8f53,Gabriel Graham,South,Tablet,2,673.36,2023-09-10
aae742d8-7d1c-4846-839e-2bd6eb01e883,William Bradley,West,Keyboard,5,586.69,2024-08-30
89192dcd-abf4-4c95-a6ad-a114472904e9,Michael Long,East,Tablet,4,794.73,2023-08-05
ba5b23c8-d46b-4bbf-b067-3a1867caefe4,Stephen Alexander,North,Smartphone,5,802.89,2024-11-02
629a450e-709e-4f34-9676-f2afe3e0440f,Joshua Smith,North,Tablet,4,954.24,2024-05-24
f34f700a-e78e-4acc-a309-70cbe0875cf2,Shawn Strong,South,Smartphone,5,106.04,2025-01-09
55b9ed2b-b5f9-4afc-a2ad-8b1fc86ceed8,Anthony Murphy,South,Tablet,4,602.05,2025-02-04
c8b90b17-3759-4cb8-9050-4d63a5117a44,Micheal Wright,North,Laptop,4,669.81,2024-05-14
734ade36-8021-44b8-acae-4a08aa57e8fe,Megan Garrett,West,Smartphone,7,753.25,2024-11-03
a24b7d0b-3bca-43c7-b2dd-e17742a5f6f2,Gary Leach,South,Laptop,4,962.25,2024-08-30
e860c3e2-8198-4d58-a31a-c00f623e588e,Karen Moran,North,Laptop,7,933.7,2025-04-11
2c343cb6-b89f-4e19-8b58-e60ec8e91cd5,Timothy Stevens,North,Smartphone,10,216.36,2024-02-27
5353d801-df83-4294-9ef3-5c4499661bf3,Gina Cervantes,South,Laptop,3,924.15,2024-11-05
50b9d9d1-b8aa-4e0f-aff1-2d88480da29e,Carla Palmer,West,Tablet,5,337.81,2024-03-25
c84c3d25-ec71-4365-8369-1725031fb4ef,Colleen Stone,East,Laptop,9,639.11,2024-03-14
6071a405-03ed-4fb3-896b-a9487f071e64,James Davis,North,Monitor,6,132.93,2024-06-08
3581074f-7779-48e6-b0d7-1b12e72a3871,Lindsay Hawkins,North,Smartphone,4,438.49,2023-05-18
58f25cb1-bcd7-463d-815c-c3cf318fa173,Michael Francis,North,Smartphone,7,584.74,2024-05-13
fd9af921-e9ac-46b2-87a7-9197ddd9b7ba,Lindsey Lewis,North,Monitor,2,100.71,2024-10-30
1bf3649b-ce4a-4946-8c76-bcd4cb3cdc11,Jennifer Bradley,South,Tablet,1,991.7,2024-08-11
ff0b0b1b-f82b-4b93-9ccc-15f473f17095,Jordan Hester,South,Tablet,5,625.03,2025-01-05
3da1bd93-5744-4da5-9a02-ec73531a2232,Joseph Vasquez,East,Monitor,2,814.17,2023-11-05
61bc9b38-6a65-45b7-8153-0b4c0cd16624,Claudia Cohen,West,Laptop,6,237.43,2023-12-03
56506488-d814-4fc4-9a50-8a9b08cb695a,Jordan Nicholson,East,Tablet,5,110.39,2025-05-10
9347741a-a712-4e4a-a8e5-8e3c6d1ff27c,James Ayers,East,Tablet,8,615.92,2024-10-26
a6d17f05-c980-461b-bfc5-1524c56a2ed3,Ashley Cobb,North,Keyboard,8,231.06,2023-11-05
fb4dac9f-e363-41a7-98d4-5557caa1d890,Kimberly Hernandez,East,Keyboard,4,912.58,2025-01-20
81d6132e-98d8-4df5-9bd8-9d842e43ba74,Christian Jones,South,Smartphone,6,159.37,2025-01-09
9a60da84-d06c-4371-8195-e81c795b04d0,Robin Whitehead,North,Laptop,2,145.17,2023-09-25
1852bf65-3658-40c2-b0ec-086f11f52329,John Lyons,West,Keyboard,6,877.4,2024-09-06
6019ba2c-0b58-4ccd-b510-a494f7dcf06d,Kenneth Duncan,East,Tablet,8,754.1,2024-03-30
b1bf12e5-6db0-4c63-8316-601f86a50cc6,Laura Hernandez,South,Tablet,5,345.31,2024-12-03
507cd570-990a-4a62-ace4-7fa360f817e5,Alexa Mcneil,East,Tablet,9,442.42,2025-01-30
e3587ee6-28bd-48c7-901d-cbaf9423c247,Marcus Bailey,South,Laptop,1,632.44,2024-06-14
ce82bad6-f45e-4077-8696-0d8d0dc82f80,Robert Clark,East,Tablet,6,531.79,2023-09-24
8efdb713-3696-4f08-9b67-d72836464837,Adam Lowery,West,Laptop,10,733.13,2024-03-07
3f05d2cb-5530-4685-85fa-403a1deb37c8,Brian Steele,South,Tablet,1,292.23,2023-12-25
64d00af6-3b88-434f-b2f1-a4e910557197,Dr. Lisa Williams,North,Laptop,4,171.49,2024-09-01
b2cffe85-7964-4aa5-bcc9-e5fa79822a1a,Tracy Vazquez,West,Laptop,5,512.54,2024-02-22
c1e4e6e6-04e3-42a4-b48a-ae6d339b983c,Kyle Freeman,South,Smartphone,1,922.93,2023-12-10
2c80b4ef-9e2f-46fe-8112-d790f18bbd7b,Leah Gonzalez,North,Smartphone,2,720.5,2023-06-12
1630260c-54ef-48be-b56a-46772489d44f,Aaron Chan,North,Monitor,2,971.81,2023-08-06
0a550617-ef5e-4d65-baaf-e38e0f08f4e2,Melissa Murillo,East,Smartphone,9,454.5,2023-12-16
204c582a-fe9e-4382-bba6-872023f575b1,Michael Weaver,South,Smartphone,5,962.98,2024-09-08
1a58e659-b926-4e6c-be64-301c06ca6e40,Brendan Morales,West,Monitor,6,637.65,2024-11-03
c20152b3-f358-46fb-9a60-5dafcc4ebe3c,Peggy Mitchell,West,Laptop,5,920.42,2024-10-12
bb151d2c-657f-4168-bd1d-adaa9a494ad0,Joel Young,East,Tablet,10,282.6,2025-01-20
889e6e77-cff9-4ab4-82f0-52ec0b62eac8,Lacey Bowen,East,Smartphone,2,516.84,2023-11-16
1cc58bd6-8d50-447d-a7de-ac3eace78551,Christopher Pena,East,Smartphone,4,805.63,2023-08-28
d4594e6d-cb68-4377-9bbf-0b6af0421ec6,Christina Sanders,South,Tablet,7,706.58,2025-02-18
b06680f6-fb84-4d4c-8608-047642b87e58,Shelly Walters,East,Keyboard,9,670.45,2025-01-23
70e160a2-dd77-46fc-b120-a6f5e303621b,Kathleen Brown,North,Monitor,8,674.26,2023-08-27
9bd60351-1b20-4c69-b7a4-0edba7fdec14,Darin Odonnell,North,Laptop,10,955.0,2024-08-12
b94b639b-bbe1-4447-acd7-745f44548825,Dr. Tim Vance,North,Laptop,3,538.78,2024-09-26
23ae48b7-60f7-43b1-91a8-446e623dc8cc,Anthony Howard,East,Keyboard,10,343.03,2024-12-27
1eb6bba5-40e8-4035-8dbc-9a13a283f508,Eric Johnson,West,Monitor,9,364.63,2024-06-08
dd5617ed-194a-441d-9dfd-3ce7155d50d1,Christine Garcia,East,Smartphone,9,216.12,2024-08-19
582fcdf0-8767-4872-8ca2-e12ada7df9c0,Wesley Steele,West,Tablet,2,359.8,2024-04-21
3230bfc8-1f98-4c7f-bb11-a396daf343ae,Adam Blackburn,West,Keyboard,7,552.12,2024-07-18
8213373c-56a0-4604-a043-63353365f7c4,Tyler Berg,South,Keyboard,9,110.36,2023-09-17
f9031ba7-4877-4191-8ebc-05b9da0e62e6,Julie Solomon,East,Smartphone,2,808.39,2025-01-21
c8fdf8c6-1a9a-4588-84e4-51ae30dc2cf4,Christopher Rodriguez,South,Monitor,5,486.27,2023-12-02
128deba7-426e-4272-a85c-d0c33d7ff91b,Sarah Hinton,East,Monitor,2,910.96,2024-01-22
d8fca7fb-bfac-42d0-a27b-80fe88573dd7,Veronica Gomez,West,Smartphone,4,249.81,2024-10-31
586b34e3-6af2-4d1b-adea-4a3ad93e55bf,Natalie Alexander,South,Laptop,4,141.23,2024-07-18
1594db82-0dd4-4637-92c3-cc6f651b6cc0,Brett Reeves,South,Smartphone,7,153.62,2024-04-18
fa86f1dc-f374-4b13-bc79-c88655686149,Steven Rivera,West,Tablet,4,596.95,2024-04-04
2af5476e-9dee-45d9-9d95-9cfb8d760e06,Michael Sullivan,South,Laptop,6,342.08,2024-01-25
4703e626-2ab6-43b5-bf13-baca50061862,Kara Floyd,North,Monitor,10,523.59,2024-03-12
f1905f9f-6203-47b7-83a4-d0e4297c6a1f,Cynthia Hawkins,North,Tablet,10,271.74,2024-10-29
883d8f8a-7238-4c96-8fe1-9a71d1060c20,Jenna Vargas,West,Smartphone,4,225.79,2024-07-25
d4f871ba-4f16-4bc3-a6ab-505cd4ec5fe4,Richard Powers,West,Smartphone,10,893.71,2023-06-17
abdc62ad-8b4b-4d4d-9a27-0ee37cfa70c0,Mario Decker,West,Smartphone,1,920.81,2024-03-08
b9fdf076-c3c1-4cb8-a3e6-21a9da301361,Renee Williams,East,Smartphone,9,853.51,2025-01-14
56b6f6db-d7b8-4798-bfc0-10fc1cbd1af8,Lawrence Williams,West,Laptop,6,830.15,2023-11-14
455a668a-0e2c-4659-a31a-ce4749baabbd,Paul James,West,Tablet,3,496.24,2024-09-15
8dfee1c9-653a-45eb-adef-20d28bab53f2,Deborah Obrien,South,Smartphone,6,785.77,2025-04-29
1bab489b-664d-4a67-ae41-69ea31bde3d1,Natasha Jordan,East,Tablet,1,247.28,2025-01-02
2a6d8005-ba99-494b-a2ff-3bf6477fb008,Rebekah Franklin,South,Smartphone,6,506.19,2025-04-03
451ddcf1-53bf-483a-8814-409fd5d74b76,Alexander Owens,West,Smartphone,10,697.24,2024-08-01
8bacc636-6be7-4734-883b-963e56f1669f,Peter Hess,West,Laptop,7,195.08,2024-03-25
018b632f-e791-42ea-94a1-befce9857c58,Lauren Benson,East,Tablet,6,191.57,2024-05-17
c400e444-6924-4471-a152-1bcc163c308e,Gregory Rodriguez,South,Keyboard,5,170.52,2023-11-06
e29b2013-440e-492f-9162-463cf4ba230d,Ms. Destiny Powers,East,Keyboard,9,182.86,2023-12-12
12aba59d-73e7-4a9d-ba26-80a78a209ff5,Daniel Reeves,West,Tablet,10,942.67,2024-06-23
ee3c30b5-2761-416d-a96b-7e30b5db5e50,Judith Gordon,East,Tablet,10,454.06,2023-10-27
4f055922-467e-440f-aac9-c8e7b9322d73,Tyler Morrison,East,Laptop,1,871.18,2023-11-13
06817aa1-d711-4c90-8543-c2582f3d5117,William Olson,East,Keyboard,5,313.79,2023-07-13
76be8db9-03fd-44be-80e3-8fef27047240,Ricardo Decker,West,Monitor,8,106.95,2024-03-17
ffbeb0c7-7720-4138-98a4-3ad4ed9c8c9e,Patricia Brown,East,Monitor,1,281.86,2024-01-16
a74e21bf-114d-4bb4-8a86-ec052bda91c4,Sarah Jefferson,North,Laptop,10,195.06,2024-12-07
c7fafbd0-a538-41dd-a8db-c6fc9ae719e3,Zachary Collins,North,Laptop,4,594.54,2025-04-23
f021dff5-770e-4f33-8c1c-d9e23251a2c8,Christopher Humphrey,East,Keyboard,2,973.33,2023-08-10
8a7be3ec-f1b2-4805-afc6-b3b9263af13d,Michael Shaffer,West,Tablet,10,498.26,2025-04-04
c3fd6cfd-201f-4671-8ec5-2495fa57ba76,Robin Cunningham,East,Keyboard,5,575.51,2024-09-09
153c4f32-6602-4110-bbf4-8b1cd68aa7ae,David Winters,East,Smartphone,6,110.57,2024-08-13
57f0f82f-3245-47d7-a251-a7561589b7cc,Amanda Jefferson,East,Monitor,1,593.66,2023-09-09
05eff92b-6d70-451e-9677-b8a91adca23d,Anthony Brooks,East,Tablet,4,844.94,2023-11-14
43c45cb5-de8f-4991-a1b4-eef8a36dc978,Alice Harrison,East,Keyboard,8,889.76,2024-11-21
f926ca47-7e13-41ce-b7b1-3050f521cce7,Sabrina Burns,South,Tablet,8,726.97,2023-05-12
edeb7736-80e4-41e2-95a7-796913cc970f,Alicia Ford,East,Tablet,5,121.43,2023-05-26
73978b98-cde7-4294-9279-509f431bce4a,Jessica Walters,West,Monitor,9,489.62,2023-05-21
dfa02845-503d-497a-ba7b-9c596331b97c,Sean Collins,South,Tablet,1,275.87,2024-07-29
56c0cb9c-a384-4828-8392-01b2161b25e4,Holly Martin,North,Monitor,3,308.15,2023-05-22
6f247e08-6ddd-4908-b21f-dab4ea5fa255,Craig Hudson,East,Tablet,10,758.36,2024-11-04
6aea506c-a457-4763-bf1e-610160fa6b2a,Nicholas Mitchell,West,Tablet,5,822.83,2024-08-15
de17c184-b188-431e-9270-d74c283c7221,Margaret Barrett,West,Monitor,9,210.45,2024-11-28
f5c06d8e-0146-4037-9e90-4af9f458feed,Kristina Miller,North,Tablet,5,384.23,2025-04-18
e9b49291-8f7a-437c-9317-55a2ebd23e6f,Donna Vincent,South,Laptop,6,721.89,2023-12-15
2494f240-9eab-4f7e-a1a8-76a2008a8e3f,Crystal Garcia,East,Monitor,3,385.86,2023-09-13
67382a4a-e261-4a37-a4c7-8fbf6c289030,David Rodriguez,East,Monitor,8,852.16,2024-03-19
c2c6a198-5e06-437d-ae94-ecc90e2f9d0d,Casey Miller,North,Laptop,5,463.54,2023-12-05
79140dda-3105-496d-9d15-5500c0e259c6,Edward Johnson,North,Keyboard,3,935.79,2024-03-13
47458e05-1c27-42ad-b7ba-32d9dcf7d2e9,Heather Park,West,Smartphone,10,100.78,2023-12-07
88f2782e-cebe-414a-b923-aeede2d8721c,Jennifer Montes,East,Monitor,10,972.07,2024-03-01
6d896d3c-e99f-4b18-bb00-4ba61289a38e,Ruth King,North,Laptop,5,482.87,2023-08-10
3431e404-38ee-418a-8f13-721e2a8dc4a6,Dr. Frederick Brown,South,Tablet,7,151.51,2023-11-27
da1e2927-a83d-4f7c-86df-a77c3f906d25,Paul Wyatt,West,Monitor,4,880.69,2025-02-15
fbe0b743-4407-4340-a74c-f4b5d2463822,James Levine,South,Laptop,2,850.85,2023-09-08
f909e321-947f-4376-8cb2-4e9dc83a680a,Ashley Smith,North,Smartphone,6,796.55,2024-10-24
8324b728-560e-411a-97c7-faec26ec722b,Anthony Goodman,East,Monitor,9,225.42,2023-06-06
99929e5d-499f-40e8-822c-ecef997ef6a8,Paige Yu,East,Tablet,1,860.08,2023-07-29
4fc1c5ee-27cb-4432-a914-0e3c755168aa,Christopher King,East,Tablet,1,368.31,2023-10-16
29ab4713-bdf8-41cf-b7c9-a5a290da0938,Shane Welch,West,Tablet,1,524.99,2023-05-26
1cdace82-7382-48f2-a7c0-4b3661a74db5,Daniel Morgan,North,Keyboard,2,739.09,2025-02-05
115742fd-c992-4543-a07d-e10f66be30fa,Roy Walton,North,Keyboard,2,833.11,2023-10-23
d48af767-133d-4d4a-b90c-8c8bb0a8521a,Michelle Morales,North,Tablet,8,616.33,2024-12-19
4efcacc5-d530-4491-ade0-724c787da717,Denise Hendrix,North,Laptop,4,530.17,2023-08-11
b506bfbe-cb19-40c1-93ff-04ecebdbce6c,Lisa Khan,West,Monitor,2,511.06,2024-05-29
0dd81259-cf8d-4745-8b62-04a076d7a879,Steven Sims,East,Laptop,3,460.0,2024-04-23
c054bfca-db4e-44fb-927d-c473c6a06bf9,Michael Park,South,Smartphone,8,170.15,2024-08-03
de3f6418-8df5-421d-86a9-b0728fa2a739,Maria Barr,East,Laptop,3,825.28,2025-01-07
79773b24-5ddd-45c9-8b85-39f3b781ca35,Alexandra Foley,South,Tablet,9,765.03,2023-06-13
e7d1c81e-1911-4df4-90e3-2df64dc34dc4,Joseph Love,North,Smartphone,2,465.85,2025-02-17
5ff4385c-e202-45f9-9c70-90344c748a4c,Daniel Guerrero,East,Monitor,3,981.83,2024-02-17
c7d41b2e-27f9-4930-b2ad-e7ecc1d728eb,Pamela Torres,West,Smartphone,9,125.97,2024-09-29
88765db5-e921-4f71-9d60-ac59614f92eb,Adrian Garza,East,Smartphone,7,100.35,2024-06-29
1b455e09-90c9-423c-8fc0-47fde21873c3,Wesley Hanson,South,Tablet,9,872.15,2023-09-23
498b58f7-5c01-4926-ba56-1e0d91e2f247,Mark Mcdonald,North,Tablet,6,358.33,2024-01-30
20c954db-dbd7-49d6-8270-f5af7219d278,Jonathan Baker,North,Tablet,6,297.46,2024-01-24
4b3af322-2caa-4bb6-903c-882efbea40f5,Sarah Hopkins,North,Monitor,1,346.35,2024-01-17
35bbc88d-61cd-46ef-b9a2-d35ea8ca84e4,Thomas Bennett,South,Smartphone,3,424.01,2024-12-29
d62076ad-6fca-45b9-9c64-c62a40444826,Stephanie Ward,North,Laptop,6,647.76,2023-10-17
c07caa25-6998-4917-bbd3-6623717ddc4c,Brett Gonzalez,North,Keyboard,10,452.02,2024-09-27
5f5d0a92-ccce-4a51-ac14-36040c28df41,Brenda Baker,South,Keyboard,4,732.19,2023-09-15
771b9b0b-410f-4f7d-8dfc-c79552202943,Jamie Beasley,South,Laptop,2,603.42,2024-11-26
0cb8c230-28ce-4664-939e-5fe24419e952,Jade Smith,South,Tablet,9,362.6,2023-10-07
dcd77409-397b-4916-ad1b-9fe3e2fbeefa,Lori Avila,North,Tablet,6,383.56,2023-10-19
3a6f242d-9f78-4353-a6c1-9151f32c32e1,Anna Jones,East,Keyboard,1,664.2,2025-03-21
0199fea5-39d9-4849-81d5-61836e77fede,Zachary Howell,North,Laptop,7,591.86,2023-07-18
76469e7c-5586-4030-b8a3-33314134d1da,Jacob Frank,South,Smartphone,8,868.33,2023-11-13
4e816c9f-659c-4351-aa5e-59cdebce568e,Matthew Ortega,South,Keyboard,9,569.59,2023-05-15
3383fe35-d21f-4d77-8b54-8944dbd5c216,Heather Mckay,West,Monitor,9,278.85,2023-11-26
efbedb54-c1ed-4ec2-a113-e48b531a7571,Kimberly Lopez,South,Monitor,3,538.13,2023-11-16
c664687a-6364-495e-92a9-ad47fdfd9cd0,Danielle Sullivan,West,Monitor,10,795.98,2025-02-05
6a0ae787-d8c2-43f9-b62c-a1f303fa417d,Mark Powell,North,Monitor,3,245.74,2025-01-18
02bb9ffa-4cdf-466d-90a2-281fb7538838,Andrea Cohen,North,Keyboard,5,955.3,2025-01-28
bc40c684-448d-4456-a7e5-eeabfefe0a67,Rachel Collins,East,Tablet,10,486.09,2024-02-26
a4be235d-3fe6-4ac8-aaba-9d3e4ef7636a,Michael Wilson,South,Smartphone,5,517.51,2023-07-25
b49c2efe-fe42-4312-bdab-d40dbdd836f1,Zachary Sanders,West,Monitor,9,906.57,2025-05-04
d9e00813-c527-49b1-9eb0-ef653fcae4f4,David Mcintyre,West,Tablet,5,854.26,2023-11-06
d8963b90-cb3d-4522-946c-7a7a91997611,Julia Ferguson,North,Tablet,1,293.67,2023-12-22
0cac9285-9515-42f1-92fb-5189c5ca2e27,Jessica Smith DVM,East,Smartphone,1,890.22,2024-09-26
af9331ea-d25d-424a-abd2-01f64d804c82,Lindsay Goodman,West,Keyboard,8,215.54,2025-02-18
667b0fa1-50e4-4cb5-b7e5-f68e0798c1a3,Michelle Hendrix,East,Tablet,7,584.08,2023-10-16
9c827c34-b5b2-4e55-898f-e45220ec22f5,Heather Henderson,East,Keyboard,3,227.63,2024-04-01
483f1782-987d-484e-9a87-90236228ff2f,Kevin Dickson,South,Monitor,10,859.81,2025-03-13
91f119e6-cb46-4648-b2c3-8b80da6fde79,Christina Rodriguez,South,Smartphone,1,288.28,2023-08-20
3ee9bb4a-f4f0-4f3f-9d42-7c1661dcdbae,John Morse,West,Laptop,3,301.32,2023-11-27
17d83236-8580-4c89-8d6e-826cac77122b,Stephanie Soto,East,Laptop,7,737.11,2023-05-15
6ef29884-512c-4184-80b6-68bc03f424bc,Robert Cox,South,Laptop,8,721.44,2024-02-24
56f8fe8f-de63-428f-aa7a-e7df447800b2,Christy Smith,West,Keyboard,3,348.69,2023-10-18
a07ba1da-b11a-46cf-91b8-16c470b28319,Gina Greer,South,Monitor,9,929.69,2023-05-18
9e65b43e-48fb-4f30-8537-8278f7b179fa,Pamela Dougherty,North,Keyboard,3,325.95,2023-12-04
329f42fb-84ad-4921-b75a-6fc0e5e9520e,Mrs. Jessica Oneill,West,Monitor,7,438.62,2024-11-16
0d57026c-34d8-4c7e-9e0a-b8e0a0fdf2fd,Amanda Ruiz,West,Tablet,6,971.08,2024-09-29
e54bb1f1-5128-4705-99ee-f69e79228e13,Mark Chung,East,Tablet,6,170.88,2024-02-29
cb9dc1d1-ceb0-41f0-bdbb-e2cded8f688e,Larry Wolf,South,Monitor,10,428.58,2025-02-28
d5aead21-beae-46b0-85ee-65e3160b006a,Larry Le,East,Smartphone,4,802.75,2023-11-22
19bbb33d-f363-4201-9144-287824d8a7c1,Joy Taylor,West,Tablet,9,755.6,2024-02-28
63b002b4-c067-408c-b90f-77fc18825532,Dana Sanders,South,Keyboard,8,472.78,2024-09-22
21470d51-a319-4323-a881-75865e05d56d,Marcus Graham,North,Monitor,10,940.57,2023-10-28
0310df06-ca47-4956-aa73-518dffd0629c,John Barrett,South,Keyboard,5,385.71,2024-04-05
ffbcff6d-64bd-4607-a623-0d2c2f8ea012,Karen Davis,North,Monitor,3,994.43,2024-10-09
6ebbfcd7-cbf3-4688-b7d9-1257de0cbecb,Michelle Allison,East,Tablet,10,547.13,2024-01-20
c6e05370-b006-4b4f-a13a-49e36813f874,Benjamin Young,East,Tablet,10,316.23,2023-11-10
26a1bc8e-70bc-4495-bcf8-cd1c08fc3caf,Gregory Mccarthy,East,Laptop,4,325.38,2025-01-13
57b8c212-c171-4046-ac40-6636eb853ba9,Michael Curtis,North,Tablet,10,203.32,2024-08-05
f2ee8c40-1a60-4c78-aa55-70ac22bf8fba,James Ortega,South,Monitor,1,437.83,2024-06-07
72cebdb7-b450-423c-a12c-8ec800819ce6,Robert Wilson,South,Tablet,2,617.63,2025-02-03
24bedb2d-97e8-4862-9994-5b6508bdf8bc,Jackie Hurst,North,Tablet,6,438.41,2024-02-01
43debcb0-de9b-4b51-a9c0-671f7ac8c06b,Brian Casey,South,Monitor,6,221.86,2024-07-18
96057578-55b3-44fb-a671-70f6685675b9,Christy Booth,North,Laptop,9,774.6,2023-11-08
9d1d6abf-9466-43d0-a261-477ec3b8b7cc,Jacqueline Buchanan,East,Tablet,4,603.84,2023-11-03
ed6cc6c0-3d48-4658-a24e-99e37d397b6e,Eric Klein,East,Smartphone,6,828.19,2023-07-10
55ffaa04-87bb-40bd-adf5-b195317dd9e9,Carmen Molina,West,Smartphone,1,304.65,2024-05-05
978dcc1a-fa55-4912-81ca-e7e2d8eb38aa,Cory Stewart,East,Laptop,2,432.74,2024-07-03
d57ea819-468d-44c6-aa7e-5581b29d2119,Mary Bautista,West,Smartphone,5,331.68,2024-08-27
f2a58b38-75e9-4a58-8fa6-baacbe565571,Susan Booth,South,Smartphone,2,501.68,2023-08-02
3b6150fb-860a-46fb-9c3e-f616ecaa33f4,Brianna Allen,South,Laptop,2,522.31,2025-05-02
216b2e0f-2496-47f1-903d-cb6542ca06e7,Mary Matthews,North,Keyboard,1,575.45,2025-03-08
58568d7f-588e-43f6-9bce-768ef0fc942c,Christopher Walker,South,Smartphone,1,318.12,2023-12-04
4a169ad9-9eb9-40d7-95f0-ded0e97b2e82,Kendra Parks,North,Tablet,7,565.61,2024-07-09
a32231b8-aafe-4cc0-b358-1ca42c6db87f,Katrina Houston,North,Smartphone,3,852.28,2024-04-22
c9f018bd-d8fe-4ab0-94f3-29a0e2eb5bf2,Christopher Salazar,East,Smartphone,7,168.65,2024-07-22
8c4cccab-ca9a-4c24-b36a-dc882b2ab0e0,Tyler Carter,East,Laptop,6,710.38,2024-04-29
86d48cc6-9a69-47ee-bc1a-d9af067bdadb,John Gay,West,Keyboard,3,471.89,2024-04-20
3af70dbc-6cc7-4758-be1a-970e82abb0e4,Hunter Jones,North,Smartphone,1,902.57,2023-06-28
cfd9c78d-6cd3-4fd9-89b1-9003d0c02a73,Jennifer Montgomery,West,Keyboard,7,571.09,2025-04-16
41fb7c61-119c-4016-9798-248912ed601f,Stacey Rice,West,Monitor,5,688.45,2024-12-03
483e3774-62f4-4d28-aaba-b59833dee13a,Jeremy Murphy,West,Smartphone,1,497.98,2024-07-05
383584cd-fc02-4dae-8879-a25ecfcf7ee9,Judy Hickman,West,Laptop,4,299.85,2023-06-05
c995d0af-cc15-425c-9186-f94f8f7bbb23,Jose Matthews,North,Smartphone,1,924.72,2024-07-28
85cc3feb-39e5-4559-b69e-7ce8420b6d34,Todd Sanchez,West,Tablet,5,280.48,2024-06-28
c0fd0d6f-8771-40ea-9fc8-fe42419c8855,Tonya Hill,North,Monitor,10,501.85,2023-12-13
75c1c2cc-ac94-43c2-8d00-2beeeb87b4ea,Kelsey Taylor,North,Laptop,8,507.05,2025-03-14
9e53197a-7afc-4655-b0e0-587c3fb8e202,Lucas Kelley,East,Keyboard,4,593.73,2024-12-07
f008511e-e288-4ff5-b5b3-ed8395280d41,Tina Farley,East,Monitor,9,942.8,2023-10-10
118c311e-d174-4a23-862d-321b6cdae974,Kyle Mason,East,Laptop,4,461.65,2024-09-08
3824c95a-89c3-4a3c-abbd-9f0652648d9e,Craig Patel,East,Tablet,1,654.37,2025-03-01
6763d797-fa9d-4cdc-a54a-b8d50720a723,William Shepard,East,Smartphone,9,405.65,2024-09-03
c0140402-de75-4258-87e1-e61c8e5b214e,Chad Maldonado,West,Monitor,7,161.47,2024-05-02
add27bf5-9c66-46f3-a071-f942aebf5a52,Alexandria Clayton,North,Laptop,1,294.08,2024-06-27
bcbef93c-233b-4f6a-8b62-3558c3121609,Lori Alvarado,South,Tablet,6,432.85,2023-10-08
c8ed048b-682e-40ab-812c-a917acab0f1d,Jonathon Smith,West,Keyboard,9,124.32,2024-02-12
406e0d5d-2755-4018-bc36-8755f82ed942,Mary Simmons,South,Smartphone,4,222.26,2024-12-17
f8fd3ad1-9352-41df-a9a0-038d02943516,Adam Tucker,South,Keyboard,9,978.86,2024-01-31
36758307-12a7-44d3-9ccb-62373204856b,Julie Clarke,West,Tablet,6,826.1,2024-10-06
ea83ee23-ca40-490c-bb01-d9d852349030,Robert Sandoval,South,Smartphone,6,823.4,2024-04-24
7d1f5533-c738-4207-9cc0-1b9d50c55e33,Lisa Bradford,South,Smartphone,2,888.36,2024-02-24
c865840d-04cb-4eae-a74a-906720dcf584,Joanna Robles,North,Tablet,2,733.37,2025-02-28
deb411e3-a39f-4855-9a68-45b0024f2985,Patrick Hays,West,Smartphone,6,140.59,2023-12-16
4abb18aa-5c6d-4af9-a579-c24dcb574823,Michael Boyd,West,Smartphone,4,467.59,2024-06-29
d16a37d5-7310-4f1f-8d1b-fcf3b9059650,Brandon Jimenez,South,Smartphone,4,871.98,2023-10-30
c8bd7d4f-6563-4fe8-a2dd-805d7a5412d2,Jodi Gomez,South,Tablet,8,935.59,2023-06-28
a7e0565e-956f-464a-b769-4aa23d179b59,Mary Williams,West,Keyboard,7,394.04,2023-09-25
42db19b1-9878-4463-b72b-b4b591fdfe4e,Sara Roth,East,Monitor,4,889.22,2024-07-13
c69c5cc2-ae6b-446d-b743-440be448e047,Nichole Gallagher,South,Smartphone,9,613.96,2023-12-21
c6574b2c-3976-40ff-aa32-073cdd94350f,Nancy Miller,East,Keyboard,2,622.62,2024-01-08
8ca1ab27-196d-4dca-975c-864f38cc8059,Roy Henry,North,Laptop,5,335.85,2025-01-20
10a7a83b-a683-4130-aa40-f2c3ca4cbde9,David Love,North,Keyboard,7,783.42,2023-10-01
abc07196-447c-4a32-895c-0f39302b5c57,Mark Edwards,East,Smartphone,6,339.61,2025-04-02
944482ed-9187-4e51-b0ad-55ad1e7b9a59,Andrew Roberts,South,Monitor,2,471.76,2023-07-03
acaa82ab-deeb-4f5c-94bc-c1766576afb2,Patrick Velez,North,Tablet,4,447.25,2023-05-12
a475a9b4-ef02-41b7-8da7-d913cbf6ddf0,Michael Tyler,West,Keyboard,7,544.66,2023-11-27
248294ff-d20c-4ea5-b0c6-6ca983bf9ca1,Donald Christensen DVM,South,Laptop,7,936.77,2023-10-09
f4000cbe-fcea-4308-98bd-6734a6e4d168,Lisa Pope,North,Smartphone,9,115.02,2023-07-02
f1cf2084-87b8-4f7b-aa85-f2f9cbac7447,Laura Jenkins,West,Smartphone,9,400.77,2025-03-23
8c0ae97e-dadb-464f-8e37-2f4b5742d9c4,Michael George,West,Tablet,3,281.9,2025-02-18
8fc4ab2b-435b-495f-904d-cab944302c42,Barbara King MD,West,Monitor,10,192.91,2023-12-04
93d508d3-f8b9-4d57-a809-0339a49d591a,Nicholas Mccann,South,Smartphone,3,235.26,2025-01-19
5e7fe7b7-38f5-4bd8-87e7-60bb6a2b6403,Elizabeth Velasquez,South,Keyboard,6,453.97,2023-07-21
9bd55aa0-0d59-4e04-bec2-3ac08d10f384,Holly Johnson,West,Keyboard,8,438.99,2023-10-31
e0e458df-53cc-4522-87bf-a9c9fc567b1f,Andrea Taylor,West,Keyboard,5,757.88,2024-11-30
699fd194-7c8f-4547-85a3-7addb1b9357a,Stephanie Hopkins,North,Keyboard,7,352.76,2025-02-16
cd510f74-10c7-4827-ae85-466f6e497109,James Bell,East,Laptop,3,502.21,2024-02-02
63c4c0e2-8707-48c4-8c9b-ed3bdce0b568,Stephanie Jones,East,Tablet,8,254.59,2024-02-29
87e7e07b-c882-47c2-9e53-15bff70150ea,Jennifer Shaw,East,Laptop,7,626.09,2024-04-07
a6beb5c2-3d32-47f9-8297-8e8a5ea5623e,Matthew Strickland,West,Tablet,4,426.21,2023-05-17
ab0fb00f-e545-471b-9153-4b093af4a03a,Catherine Moss,South,Laptop,3,418.25,2025-02-20
469cdb2c-b180-47b0-8c65-c199812412ab,Paul Marsh,South,Smartphone,10,485.04,2023-07-20
1ef85d4a-dbf5-499e-8a22-74bccd9f3918,Kristina Best,West,Smartphone,5,422.93,2023-06-14
fd940c54-8678-402f-94d6-8c40c256fd2f,Peggy Hunt,South,Tablet,2,680.89,2024-08-16
8a316106-6351-4058-b3b4-2163ef5da690,Robert Donovan,East,Tablet,1,202.2,2023-06-17
10327801-db32-4cb3-b592-d1dc7ccf9381,Aaron Dominguez,East,Smartphone,8,876.82,2025-04-08
f80086f0-69b8-4ae7-a621-bc0ff347b9da,Jeremy Torres,West,Laptop,8,401.26,2024-03-08
20120b0a-b0c1-4da4-874a-507d2f22f060,Mia Chavez,North,Laptop,8,537.77,2024-06-05
21ced95f-5ded-42d4-a1f5-5fdf87c9a472,Casey Cole,East,Monitor,9,814.74,2024-09-04
16851ab6-f4da-4bf9-8a89-3b9aeb6de7b0,Alicia Williamson,East,Tablet,5,511.73,2024-04-01
1992a34e-b8bf-4346-9530-f28e85848614,Mark Black,North,Smartphone,1,697.49,2023-08-01
e5f13bd8-046b-460b-9f0b-e4d03886a67c,William Gill,West,Keyboard,8,102.1,2024-01-18
28ea4273-e16c-4ba4-a3fc-d1ffd611af07,Joseph Johnson,North,Keyboard,6,704.93,2024-02-26
e440f5dc-ed7c-452e-9645-56ee19f217f6,Stephen Holland,North,Smartphone,7,705.02,2024-04-16
7ce53dab-01e6-4947-b909-a5988bd8405e,Mrs. Nicole Petersen,South,Smartphone,1,290.86,2024-01-26
a7c322f9-2db6-4e6c-a79c-aa998c6ef4c7,Bryan Smith,West,Laptop,1,884.98,2023-11-23
45ab04ec-d662-4694-91c3-c97a9f5dbb96,Michael Ramirez,South,Laptop,1,647.86,2024-04-01
acd52d2c-44b6-45ce-a250-d6d43766e7b7,Andrea Hansen,South,Smartphone,7,362.59,2025-02-12
839ee540-a514-4756-8a9b-a85a06f80a42,Annette Bowman,West,Tablet,3,593.28,2023-09-26
181120fe-9c1e-48c6-808d-c64f21e804ab,Jeffrey Martinez,North,Monitor,4,964.34,2023-08-10
a1fb0414-8781-4b9d-9b8c-3411eeb31ada,Devin Wolf,East,Smartphone,1,414.14,2024-12-21
3f6b4a07-7bc3-4470-9e16-8ea804eb2659,Donald Hines,South,Laptop,9,213.98,2023-11-24
83f321e4-d2ee-495f-8eb9-fe141f24061d,Brian Smith,North,Smartphone,6,540.47,2023-08-27
4388b9d5-ca15-4ae8-b867-cf1f2a370ef8,Kari Mcgrath,West,Tablet,10,531.31,2023-09-18
982d712c-aaed-4d68-8ac7-6214ba475eee,William Gonzalez,South,Smartphone,9,985.49,2023-10-09
4bc63daa-7233-46a9-8fe5-d6094ce8c2f6,David Ortiz,West,Keyboard,9,316.1,2024-01-01
ea9369ce-5b3e-431b-8268-859c9da31a05,Amanda Stark,South,Tablet,8,503.95,2023-06-11
fd8994f9-727a-44c5-98b0-39b8abffd724,Bobby Villa,South,Tablet,8,857.41,2024-05-10
bb92a158-448f-4b3c-979e-f7820795e9f5,Thomas White,North,Keyboard,10,121.38,2023-07-01
84860cc4-929b-4c14-9b34-daa045734e36,Anthony Evans,West,Tablet,2,114.69,2023-05-15
1d9652d5-cc1b-4977-b7c3-91caf364c7e4,James Hart,West,Keyboard,3,484.07,2023-06-30
e1d748b4-d0ba-4831-a48f-4804229c29cf,Pamela Howard,South,Laptop,8,845.38,2023-10-27
70b9b427-2839-44c3-a9f6-5d2a67e01d71,Emily Turner,North,Laptop,8,214.95,2025-03-16
dbf2b82f-20e6-4502-bc54-4f91be74986c,Tyler Graham,East,Smartphone,8,137.85,2024-10-24
6f54845f-68c8-4e10-b9e2-dbcb5bc294c9,Lindsey Taylor,South,Laptop,2,999.35,2023-11-03
6adfc222-1d79-4f78-b7bf-41c266dc6c20,Megan Adams,North,Smartphone,1,473.29,2024-02-02
b365693d-4801-4e8d-84e0-6582cd6e18b2,Andrew Gaines,North,Monitor,3,683.52,2023-06-23
e5690182-f62a-493a-aa32-191abd78da96,Brian Snyder,West,Tablet,6,976.81,2024-02-05
28d98ef9-62a2-4e8b-b9f5-b1ea95f9037f,Jenna Johnson,East,Tablet,6,826.74,2024-09-11
23a951e4-0846-44ec-93f4-dd7cc4021837,Kevin Park,East,Tablet,3,291.93,2023-10-17
fb00d6ca-a11c-4e26-abd8-907790bbd403,Kelli Jones,East,Keyboard,7,143.74,2023-05-19
6a136ee5-8188-4348-967e-49484aac9032,Troy Turner,West,Monitor,10,691.43,2024-11-25
c813b229-8479-4391-94f5-e81c5311a44b,Anthony Smith,West,Tablet,5,982.97,2024-10-23
61bfcfd5-97a3-4d38-aa03-fe04ab8a0eb8,Jessica Williams,West,Laptop,3,599.54,2023-09-25
49ef8e0b-4461-4971-a348-ba0d50b99627,Marcus Mueller,North,Tablet,10,852.94,2024-07-28
81916e11-9898-4743-a9a2-62b2f8e71251,Derrick Frye,West,Keyboard,7,516.07,2024-02-19
83f738b8-b703-4d54-875a-f7f09db8ded3,Candace Knight,North,Tablet,9,847.64,2024-08-21
2c6aa510-e0f9-4d1b-b2bb-fe86e8823e46,Jason Vasquez,West,Tablet,10,348.36,2025-01-18
ac0e6272-0ada-4ccf-a4bf-3f8429659b06,Kelli Gutierrez,South,Keyboard,2,495.97,2024-05-29
4a60bf43-c723-4dca-a16c-5d468643595a,Judy Davis,North,Tablet,8,563.46,2023-05-21
90762d49-a6de-497f-aea1-7de6fa0f011d,Kristin Stanley,West,Keyboard,6,144.92,2023-06-12
382ba256-7bac-4a3c-abb0-c777ae7fd346,Alicia Johnson,North,Smartphone,10,614.67,2024-12-02
1671c4f1-6531-4d7d-85f9-44f7c50cdd83,Brian Martin,East,Tablet,7,532.4,2024-09-03
4123fcf4-593c-458c-b6d3-bac6c1035e55,Jennifer Myers,West,Monitor,9,143.67,2023-05-20
fb182b0e-387c-428f-b6c3-c606ca8aaedf,Anne Warren,West,Laptop,5,649.88,2024-01-07
a12a10de-e1e1-450a-a2c5-738ba105e8eb,Amanda Tate,North,Tablet,7,399.75,2023-12-17
8eeab93e-84d4-48f4-ad46-806c4da10134,Mark White,North,Smartphone,3,178.77,2024-02-29
eb3a499e-e93a-423e-9c48-09240e86f591,Dr. Robert Evans,North,Tablet,1,987.82,2023-10-31
ea7a9f42-60e7-4c61-ba0f-c7e53cce570a,Megan Arnold,West,Monitor,5,538.7,2024-10-28
0dfc99b4-1068-4af0-9afd-924f279ab889,Timothy Morgan,North,Tablet,9,228.69,2024-11-03
08271b65-d609-4f7d-9dec-95ad56f5c1c9,Michael Perez,North,Monitor,2,442.92,2025-04-22
11557949-a8d1-4f61-b08f-44a092be5413,Michael Jones,West,Monitor,6,615.14,2024-08-30
6e4aa40b-d173-4592-98c8-bcd8906ef2b2,Tammy Hines,West,Monitor,5,835.81,2023-12-23
e848d802-6ebe-40d9-8b0f-846be02d8b04,Robert Mcdonald,North,Laptop,6,688.06,2024-05-15
35ac680e-7e03-438a-b541-1f8198180d78,Charles Cooper,North,Laptop,6,479.49,2024-08-23
c7913d94-7eae-48ff-afdd-0f99ee8f3822,Haley Waller,East,Monitor,4,912.45,2024-12-26
916ea14e-3d51-4ba3-acb7-5e1ff3c30893,Andrew Burke,East,Laptop,4,907.05,2024-03-15
b983e7eb-e5d8-4489-b878-9850ed4209d3,Nancy Sanchez,South,Smartphone,4,674.02,2023-06-01
09ffba26-9b3c-48fa-8397-f8bfdb0b2679,Margaret Murphy,North,Keyboard,2,390.43,2023-10-23
f07f8a1e-add3-4396-87e4-0a4be4cf0caf,Gail Wise,North,Laptop,8,461.74,2024-03-30
5a3b9c9c-34ac-44bd-affa-128807f41b11,Chad Castro,South,Keyboard,2,248.97,2023-12-15
3ecdd0c7-c2aa-455f-b84d-7ee11ce65d21,Tony Calhoun,East,Monitor,2,224.74,2023-08-12
90a711cc-51f4-43a8-b24d-dc7fb5ec7c7d,Kevin Edwards,West,Monitor,7,899.69,2025-03-30
6f10011c-f6c4-44a6-bd28-01683c32567d,Shelly Reed,South,Keyboard,1,690.6,2023-09-04
4ad236f5-b466-4f1b-bafb-e673ebc89fea,Tamara Doyle,East,Smartphone,5,622.92,2023-08-26
70c35a5a-da34-4ac6-8d8d-c53d9cc0ab80,Tara Klein,West,Tablet,1,615.58,2023-09-29
162e49f4-c8a7-4ff3-b119-b8abc3aa259b,Brandy Ward,South,Smartphone,9,409.25,2023-06-28
9f770d81-e6b2-49a3-9288-ce9c946333bc,Rhonda Castillo,North,Smartphone,2,760.05,2024-05-18
48d66555-e0df-4a23-a3d3-738fc53d5631,Scott Daniels,North,Monitor,7,742.52,2023-08-17
f1e1e4fc-ed31-4535-8b36-4b0acc99d21d,Lori Yang,West,Monitor,3,911.73,2024-03-08
c4fc80ad-0181-4cdf-affe-f94f03508fc9,Donna Cox,South,Keyboard,3,934.13,2024-07-28
ec5d07e3-e64b-4400-b93e-23ef7a09b9b7,Jeremy Mason,East,Monitor,1,357.13,2023-06-10
e97ce933-f99e-4058-9ee1-9fbafac9a2d4,Holly Aguilar,West,Tablet,10,162.49,2023-07-15
723531f2-15aa-4513-a02e-f50226f31062,Adam Hatfield,East,Smartphone,9,900.4,2024-05-26
cde0a8eb-c5c7-495d-b519-3cd961cb58f5,Jennifer Buckley,South,Keyboard,10,420.76,2025-04-28
1e60a711-3cb6-4165-ac02-9926b32dbabb,Logan Garcia,West,Tablet,5,939.2,2023-12-01
43f3c701-f8df-4719-a889-f504f6e2aa54,Christy Freeman,West,Laptop,10,789.77,2025-04-29
01e65a3d-9e39-4bbf-974e-302711843b92,Dawn Lewis,West,Smartphone,10,965.03,2024-12-31
52f79bab-285c-487c-8eb7-61404ebbf0b7,Heather Hall,North,Keyboard,8,293.68,2025-03-08
bfc09310-b58f-4156-a61d-aa419e9494c7,Kayla Roberts,West,Smartphone,2,202.81,2024-09-20
fd4e077a-7a5a-4ab9-98ea-0d6cc290431a,Paul Shaw,North,Laptop,1,703.72,2025-05-07
0f2ff107-a6b4-4c2a-983e-2628a3fe3cbd,Aaron Pratt,South,Keyboard,5,319.15,2025-01-29
5e3a4a66-cb49-4c73-96d7-74b3dac84aa2,Eric Lewis,North,Tablet,8,768.84,2024-11-14
13411a47-a522-4159-aafd-817874816e52,Kristy King,North,Monitor,4,604.06,2025-03-29
e0eecf01-7735-4a36-96fa-6fb5b2da7d2f,Carl Rocha,South,Laptop,7,728.12,2023-05-15
aaa03270-2887-4166-8e91-2bdf9495a750,Robert Smith,South,Smartphone,4,426.72,2024-08-08
eb4bf495-c5cc-4ae5-8a50-4edc19d01670,Robert Adams,North,Keyboard,10,981.04,2024-10-11
d43b1217-7b28-40aa-a1e8-dc714a2bfa77,Bradley Espinoza,East,Laptop,6,553.87,2024-10-15
a81125e5-fbda-4fa2-8272-ec1cbd147eec,Kristi Lee,West,Keyboard,2,901.8,2025-01-18
b00a5da3-dc20-4342-8ebe-5b9598992a98,Autumn Kennedy,North,Smartphone,4,899.18,2025-02-07
b8cb98d6-a537-4b06-9401-b32fbf7c22ab,Johnny Wallace,South,Monitor,7,487.23,2025-01-16
5d0fbbf7-2c3d-425f-add5-7c9b1511c19c,Daniel Brown,North,Keyboard,5,723.35,2024-06-05
89b1927a-8226-4069-a027-46ad407ce125,Taylor Shea,South,Smartphone,9,646.93,2024-08-02
643ec4ce-0a74-45e8-b485-ad46fcc79203,Tyler Chapman,South,Tablet,7,762.72,2023-09-03
20c873c5-4489-4ee8-a3a7-46f1f92c9027,Frederick Rodgers,East,Laptop,9,872.21,2023-10-10
1614e61d-8e8e-4c2f-898d-b265938117f5,Deborah Rowe,West,Tablet,3,703.89,2024-03-16
d4732d24-18cd-4d6e-be6e-c8a8bd6ec678,Aaron Bowen,West,Tablet,4,355.29,2024-02-18
2c4611c5-2c22-4968-9826-dc0228849b3d,Bobby Blankenship,North,Tablet,1,122.65,2025-02-24
0a3e3f71-7c23-4634-befb-aef74b3bea3c,Julie Mills,East,Monitor,3,587.89,2024-10-20
89e19f36-8c64-46d8-8788-a4768256b742,James Mcguire,West,Tablet,8,798.84,2024-06-18
50b51d80-7e64-4d20-adfc-cd2cc5ca222e,Michael Thompson,North,Monitor,5,795.66,2023-09-18
513c3320-2968-453a-ad26-4f8b3abe0088,Jon Brady,North,Smartphone,3,427.0,2024-06-15
f6762037-135a-4bd5-995f-ebdf90366ae0,Aaron Davis,West,Keyboard,5,323.73,2024-10-26
4a40d065-3fa7-46d3-9a7f-76e289b84738,Teresa Compton,North,Tablet,5,422.0,2024-11-11
74ccf9e2-51be-41f8-9a84-8df30148f7d3,Robert Miles,North,Tablet,6,433.28,2023-09-24
c64478f4-3836-4966-8d02-6da71eb2ee4b,Mark Williams,North,Smartphone,10,128.37,2025-04-16
06259e48-141d-4dec-8422-6ac41b2b188e,Diana Ruiz,South,Laptop,10,859.84,2024-03-05
982fe3db-cde2-49ba-8b94-00ae3f1f695b,Pamela Reynolds,South,Monitor,3,928.86,2024-11-26
638c2bf4-8099-43b0-9e7d-9c21c576f32c,Jennifer Jones,North,Tablet,5,686.38,2024-12-12
900d952a-108c-46f3-a1a0-81d3b51ac7ca,Jessica Ellis,East,Tablet,6,423.15,2024-09-18
fa0f7f6f-5b64-4e49-af3d-1722e406c469,Jessica Browning,North,Keyboard,3,189.58,2024-09-08
5ea7c285-d8ee-4406-86be-00f5886fdc2d,Peter Oconnor,West,Monitor,9,279.3,2024-04-13
cde55103-1b6d-4588-921f-8e756af793b6,Wesley Lee,West,Monitor,5,425.11,2024-11-09
0f1a0d30-a161-46ba-9b38-087cdbd3c33d,Kayla Martin,North,Monitor,7,462.61,2025-03-30
621c4722-1f78-48d1-a467-985b589c73ab,Jessica Sanford,North,Smartphone,7,450.38,2025-03-31
c8f7a220-be6e-4d43-b484-0e9363234f1e,Kathleen Ramirez,West,Keyboard,6,835.43,2023-05-23
efcc1306-2ef0-40ce-b347-3d97a7af1d4f,Mrs. Kristin Parker,West,Monitor,6,997.23,2023-06-01
e106b352-d9b3-473d-a6c9-efa3bfd03f18,Ashley Cox,West,Laptop,9,287.58,2023-10-31
fc373bb9-95d6-48a6-be0e-33e6eebec701,Crystal Evans DDS,South,Smartphone,6,441.62,2024-04-03
6c86ba18-cce6-4797-bd37-e3a07b08aa2e,Valerie Savage,South,Keyboard,4,493.56,2023-09-07
f0267bbb-9edb-4820-b220-88b2caad735a,Jimmy Knapp,South,Keyboard,5,808.76,2024-07-29
06e64207-6801-44b8-965b-58cc7a50d7e5,Julian Hess,West,Tablet,3,550.42,2025-02-23
71e51d19-64c7-4c41-a317-b94661b2ccc7,Linda Houston,West,Keyboard,10,126.89,2024-11-28
b7fff7f8-7a07-42f4-89be-0bcb8273350e,Erin Rhodes,South,Tablet,6,363.33,2023-08-18
e1bf46a4-4c3a-46a0-9e60-0dac77d727e6,Brandon Miller,West,Keyboard,9,799.84,2024-04-06
4995aceb-704b-4a6e-8a01-b20c4f7c327c,James Hayden,East,Smartphone,3,271.76,2023-10-09
5d188366-77c2-40b3-8589-be93c68455aa,Bailey Grimes,South,Laptop,3,728.07,2023-08-27
c306dfd3-3cde-4965-895e-cea0eb276dd9,Cynthia Case,East,Tablet,1,306.94,2023-09-21
983f254a-d4ee-4dfc-91e1-b87548db70a1,Thomas Diaz,West,Laptop,5,954.82,2023-05-17
2a1e84a7-8743-4c42-8f44-41bf00dc7d76,Maria Petersen,North,Tablet,3,702.98,2024-05-28
9704a6c9-217d-44e9-95ab-8da962c37e9c,Cory Johnson,East,Smartphone,7,569.28,2024-11-17
09868eff-2345-4e1f-bdb1-17bbf8a31343,Victoria Dawson,East,Laptop,5,674.54,2023-10-24
7186e3a5-0e79-4d71-b77c-da4deecdbdd9,Alexis Espinoza,East,Tablet,3,196.86,2023-06-19
4ee4f355-3819-49ed-9b44-8d668c0cd521,Bruce Thomas,East,Smartphone,8,288.31,2024-10-06
